id,monthly_income,monthly_savings,travel_expense,commute_expense,personal_expense,educational_expense,seasonal_expense,monthly_loans,goal,improvement,policies
1,65250,26730,16015,57481,98960,93318,90497,77492,7641968,commute,list6
2,326144,50047,90478,50976,63770,62454,79635,21385,6294593,travel,list5
3,194386,28827,97841,35541,85220,50724,61932,15745,1805998,commute,list6
4,72196,78180,99189,94359,29299,98875,55327,69034,9012212,travel,list1
5,397450,1609,36970,13180,31789,10981,85086,39413,2266999,educational,list2
6,469958,84952,53141,64698,11913,71696,57903,78473,7922044,seasonal,list3
7,320254,12840,89079,89183,54798,35025,53457,16618,7893027,commute,list4
8,475280,65107,70921,71604,93652,60769,64602,6611,5243034,travel,list7
9,23542,22219,94901,58408,51110,99895,32461,87716,8719919,educational,list7
10,407019,29019,80272,38096,63639,63375,26332,11511,187735,seasonal,list4
11,100105,84323,69719,47213,35438,56568,51580,38641,423165,personal,list3
12,308734,45849,74304,89960,16467,97960,19593,42454,7210929,commute,list4
13,478293,33076,16826,89884,13858,66810,45650,34601,1013152,personal,list7
14,125742,80435,77995,64138,86465,90300,50484,8133,2442344,travel,list5
15,494769,66045,78077,90465,53905,45602,87619,90539,9763084,personal,list3
16,91834,4827,28833,62685,63739,35902,14066,94182,5551996,travel,list4
17,107143,23744,90239,20285,68780,53275,89887,23757,9087150,commute,list1
18,472332,74549,25632,76866,29010,30758,50461,21880,3793940,travel,list2
19,493825,41202,78911,456,62166,94465,33143,76550,9356359,seasonal,list5
20,376307,31853,74502,92933,46055,58051,74872,96047,2799827,commute,list3
21,51913,23345,95272,47022,44062,7548,84118,71255,7127123,commute,list1
22,440722,9480,37532,73516,70750,96632,38660,93407,2979303,educational,list5
23,107661,39238,16543,12186,88377,4224,47895,12512,4244778,personal,list3
24,352629,74905,61738,10455,78228,44781,26862,78488,9459553,commute,list6
25,259229,81064,53402,2607,42285,4688,26829,75528,603970,educational,list7
26,109513,86098,64865,98922,10519,92085,5900,86591,2009625,educational,list2
27,256926,51560,29388,40364,65092,3509,91333,12912,5471225,travel,list4
28,243688,66518,46931,21568,47239,95664,97103,44577,4026766,personal,list1
29,15193,18033,29570,17501,55063,57543,68173,32668,8098686,personal,list4
30,71526,65977,96040,92562,87800,31620,64240,63054,3895854,seasonal,list1
31,139994,3219,93715,68081,83283,58101,16080,21975,9937702,educational,list7
32,156170,28239,22107,63402,55176,30112,60172,30841,5715480,personal,list4
33,472648,28580,83713,38726,78150,35880,11145,23885,3036769,travel,list2
34,491953,99251,9216,15070,81730,795,33283,82323,1795235,educational,list4
35,171881,62137,89010,19160,95663,99975,79763,80371,9621210,personal,list4
36,217072,65810,37553,70135,13640,11792,33425,21949,713121,commute,list4
37,13824,78875,83615,17259,26071,62324,77104,24206,126970,seasonal,list6
38,27146,90244,33485,84736,28350,777,89991,69639,7929763,educational,list1
39,139462,60812,29546,4767,85412,86941,65888,22829,78286,educational,list2
40,389202,44038,81254,89321,94342,13292,28010,52497,700274,travel,list1
41,86039,49499,54795,9706,53274,28952,18731,72208,9856623,seasonal,list1
42,210883,38621,91925,21058,91824,28437,78079,34495,4823379,educational,list5
43,61956,24911,77795,44815,96407,26788,18218,28871,9143728,commute,list2
44,117019,19946,97118,88365,38849,85245,60812,33470,7328243,personal,list3
45,312799,9215,47990,10642,28570,24784,65168,37826,8320021,educational,list6
46,287523,63773,41383,35631,35207,59885,27904,28194,2739178,commute,list7
47,194257,28956,65071,40737,59661,32768,22125,32210,5343595,seasonal,list3
48,286107,95005,74722,50111,83946,71232,11579,90133,9557674,personal,list6
49,55205,5976,32311,12058,98188,57206,17227,28813,2013939,personal,list4
50,429204,93664,97658,14404,34262,91084,81500,39539,4342632,travel,list1
51,353388,24642,59971,26990,42876,33685,94169,13938,4823624,personal,list7
52,195919,48412,78441,99663,89005,70474,21572,84548,8255337,educational,list4
53,492623,84601,54570,89814,52459,71658,55847,41195,2943089,personal,list6
54,169129,64101,9689,51866,31852,31205,70412,39100,7738093,seasonal,list5
55,246364,66729,6199,59404,29437,10591,99307,1799,9085782,educational,list1
56,306993,24420,41025,57838,97270,71440,52821,72419,8357641,educational,list3
57,395214,43202,74208,90469,30111,96779,61197,86844,6081150,personal,list4
58,368594,27238,98666,73228,7049,9828,75845,75705,5209962,commute,list1
59,261535,97732,5017,54603,45952,88029,46216,19316,3993951,seasonal,list7
60,209419,75722,99512,73006,30111,84523,39158,10632,4502115,educational,list7
61,370468,43698,31314,84503,75801,33860,29055,19415,8913540,personal,list2
62,258737,43894,69821,53669,83701,93385,81891,10229,4425650,seasonal,list7
63,67764,90895,572,78344,77679,70069,51676,12997,5788513,seasonal,list7
64,154266,80324,28333,55771,86331,66835,77573,97973,4102971,commute,list6
65,141263,22523,16683,11846,37560,46586,4257,99664,4042533,educational,list2
66,166883,50184,14007,10316,94263,30196,21432,97735,781681,seasonal,list3
67,110821,29598,34617,94627,33273,53312,88158,92329,7178818,personal,list3
68,44588,36182,9897,44656,25297,43249,60092,96895,7195199,personal,list4
69,272623,45775,440,31212,3391,67870,20959,89168,5354222,educational,list1
70,78659,91166,96420,82903,71546,46029,27473,28751,3006418,seasonal,list2
71,204549,52634,17755,38771,84066,53290,57920,92440,4617742,personal,list5
72,38456,69223,88027,90708,12130,29796,49551,27643,3126435,commute,list7
73,361740,83896,43580,46037,45349,3016,63167,94261,8019443,personal,list5
74,23328,25422,13189,84546,74451,24262,44685,9881,1279027,personal,list3
75,183323,26692,26307,58950,76106,19200,82380,70021,2052135,commute,list4
76,286853,64316,54094,20054,47133,44848,70298,5957,3439319,commute,list4
77,138389,24099,77483,63505,10004,44057,21643,45528,544814,travel,list7
78,376588,64818,7790,39811,21431,8866,87872,17357,1720659,commute,list4
79,280042,14022,54331,69470,8998,29515,9261,68928,3791872,travel,list2
80,195727,96044,11113,4462,75786,62386,60538,37536,746361,educational,list5
81,205966,57536,6805,57113,7515,24372,54685,47294,6300221,personal,list7
82,348509,94828,59245,34695,2026,62397,26440,20351,8723737,seasonal,list7
83,314413,7605,69488,52873,92098,27314,1571,77106,856808,educational,list6
84,426130,92798,65699,46167,98451,9481,44371,92136,3279310,seasonal,list5
85,380585,58202,68854,8335,76281,35803,80866,86701,4461564,commute,list6
86,260023,27724,8218,87544,52158,74225,83746,16500,8387506,educational,list1
87,321581,51144,24088,14572,7168,42037,91569,44063,1327701,seasonal,list3
88,130594,60163,26351,60499,18841,53623,4275,10199,9606292,personal,list7
89,99228,74416,81048,56825,56578,60902,24561,47564,9834280,commute,list2
90,381664,77459,68975,17677,56168,60409,80,90190,1065242,personal,list3
91,230677,92987,50726,45020,97719,74814,82383,2501,1812213,travel,list2
92,329320,82306,96733,75776,33782,42276,24260,62825,6004710,commute,list6
93,145765,62123,72187,90742,24496,72053,6596,67535,7866316,educational,list4
94,28200,31989,81519,9850,60439,29410,60669,33741,4583473,travel,list5
95,103115,40241,32077,41532,43595,94519,68460,23982,9586485,travel,list1
96,6619,64854,31424,58195,30228,8614,7209,27521,9923269,educational,list4
97,292205,81802,68339,16339,38154,24880,98749,43226,2405763,travel,list1
98,488880,15011,70770,52470,19062,62750,81536,98580,2532539,educational,list6
99,336523,78895,73770,29589,83804,87513,17024,90727,8399261,travel,list5
100,182459,8886,9507,68547,81795,60199,99725,97712,5952238,travel,list6
101,55666,78650,4332,97680,8239,22316,50429,60707,2314480,travel,list3
102,481962,32055,38347,45078,91114,53249,31558,37775,4430444,educational,list7
103,436580,94280,34964,92385,28809,52230,93077,78496,5145579,educational,list4
104,134798,56028,77142,54748,93082,15346,23448,26338,7217831,seasonal,list1
105,153963,30603,9247,38599,49089,76032,98130,3322,3754665,personal,list3
106,226328,84649,59622,90322,50484,87962,71401,855,4672191,commute,list6
107,487919,23304,54120,86783,66071,80245,79059,31746,6465000,personal,list3
108,363300,10449,61950,47576,63273,73333,99232,7622,3967997,personal,list5
109,379990,34690,11857,46589,15094,73162,51933,7009,7156658,educational,list2
110,35027,12937,22803,67141,70521,54921,787,77979,3953602,commute,list1
111,192781,38858,2739,14602,71590,44477,26206,4553,8773134,commute,list2
112,39972,53373,76320,16983,57279,79606,63238,70126,3302827,travel,list6
113,286402,65196,98091,52795,3669,82427,13154,55742,5777658,travel,list2
114,276898,5685,50744,78546,42278,97066,68151,17180,4315694,seasonal,list6
115,175126,86560,74109,18237,10267,5321,46638,46348,846170,travel,list5
116,3000,77129,58756,44268,99296,31358,80217,45358,1810982,travel,list5
117,373076,30275,70076,19901,43544,94345,32364,18088,8962836,travel,list1
118,101791,49668,7048,71224,3355,52159,20191,55105,4983225,educational,list2
119,462082,83397,58657,28905,43459,16982,76844,59232,8492163,educational,list5
120,474446,76478,71729,35671,51967,72893,32596,30038,7893426,personal,list4
121,462519,49280,97110,1105,16231,25614,23096,32925,966030,seasonal,list7
122,399859,51329,86139,95406,42682,43532,22258,38804,1599560,seasonal,list5
123,313274,7278,34798,76009,4126,50911,80434,38044,8876573,travel,list6
124,187909,99880,89410,75812,14481,85609,20507,50465,1619119,personal,list3
125,390195,4169,30636,11437,22180,34515,53854,25599,3997065,seasonal,list3
126,352384,85869,11898,59699,64760,63483,86663,69803,8449833,seasonal,list1
127,189903,84840,6179,1368,81292,26360,74094,89522,507316,educational,list5
128,402809,3224,77152,43891,75323,75368,53401,41495,2779920,educational,list3
129,119881,70615,20102,53606,26116,61318,65517,39167,3825687,commute,list2
130,119084,7992,75630,21164,63909,65490,5404,72860,7835686,commute,list3
131,447750,9649,44827,55126,62466,1164,60685,17612,467118,travel,list7
132,229492,98152,5212,45016,32779,14110,37080,27354,4097848,seasonal,list6
133,42970,66897,4631,24169,75233,99663,15738,86410,2964077,seasonal,list4
134,134733,33779,84958,52007,1994,36889,7694,84982,6015424,commute,list1
135,173207,49205,36211,82137,1974,90933,19571,15204,4483450,travel,list1
136,499072,4624,92577,36557,79649,22619,92733,38962,6034983,travel,list3
137,8572,67192,48350,57327,69633,96339,29607,2280,459286,seasonal,list1
138,403610,24608,65617,78538,82265,329,83021,67818,7566788,commute,list2
139,483752,36133,92293,10840,95896,48788,90030,2070,8942707,personal,list5
140,135124,6878,89301,94374,88417,48355,63706,77758,9327415,educational,list1
141,446480,26380,89685,51079,1853,43887,58472,28100,6001343,travel,list5
142,479004,38854,35080,26276,76273,59612,5632,46088,8185630,educational,list2
143,271929,27898,15675,86278,52761,3463,15303,18514,6673280,commute,list7
144,419649,78848,12396,42075,23597,37851,17358,3419,3976932,commute,list5
145,168154,51801,28127,5771,30297,28203,50416,75591,7873010,educational,list4
146,429772,64256,10142,38146,3518,41984,73860,12721,3543220,travel,list5
147,365378,80276,25701,58327,27831,77194,4400,88326,1821044,commute,list7
148,105875,9652,18490,22943,8560,75464,77123,17047,7795525,seasonal,list3
149,432034,94568,71194,40965,34902,85254,16454,91906,9226552,travel,list5
150,47852,16490,79801,20974,8212,7837,97501,84028,8976793,commute,list5
151,173801,51072,52482,13655,50427,5779,87593,9450,8585895,travel,list2
152,210412,32114,19308,33719,1978,58537,33170,47356,3119312,personal,list5
153,379054,65400,2395,64603,66373,79036,28978,32101,5746178,personal,list7
154,333971,53618,85390,35400,78139,11372,31476,90939,9986661,travel,list7
155,111860,50361,33421,69550,17490,10214,77320,88908,5520452,personal,list3
156,306826,24818,67564,55839,89473,93692,88011,1624,8828025,seasonal,list3
157,225876,40214,52975,27844,2166,58950,54284,49803,734634,travel,list7
158,274756,91656,49457,47177,96558,79816,75778,53020,8988629,personal,list6
159,382453,48546,86695,36061,49862,46453,55039,90062,7544646,commute,list3
160,214795,98182,94853,72329,57671,43340,18891,58106,250858,personal,list3
161,449413,95054,26835,69453,94588,42027,65337,54529,1523133,educational,list2
162,405909,55509,19499,29787,93899,12818,70599,8753,4194566,commute,list5
163,210000,62306,69718,43063,16250,50540,74984,66873,6869720,travel,list3
164,123734,26633,10254,74610,56399,88942,22396,27328,2478502,commute,list3
165,96756,2441,68589,12624,78579,46850,46152,80489,7041117,travel,list1
166,365264,18330,38375,40128,46052,69289,18379,46916,5674300,travel,list2
167,370836,46905,38872,20183,78935,69135,6504,72145,989943,travel,list4
168,220968,93927,6716,9003,50688,4439,37409,66486,8259016,commute,list7
169,96603,44297,79381,47237,74913,13405,70007,6216,2004085,travel,list1
170,30019,20246,49457,21602,14181,61136,43460,46698,7390968,personal,list7
171,190115,8089,63744,79323,80631,64031,66503,7218,2289442,personal,list7
172,407583,30366,64911,6715,97765,9871,59448,78633,3848808,personal,list1
173,350595,9108,2353,23628,22327,32169,69263,62178,6005472,commute,list1
174,390840,74182,98591,21166,98095,31259,98696,7737,4969662,educational,list3
175,460953,40354,81877,71723,50037,81625,68444,47812,6175287,travel,list6
176,88394,88524,91934,87911,27537,86553,21201,37725,8712237,commute,list1
177,52776,34451,75448,70710,77919,27441,56276,4271,9863711,educational,list6
178,128698,9571,27560,70495,79291,2519,91900,97427,987718,personal,list4
179,245439,4736,4152,41218,68222,78132,30304,82564,5828660,seasonal,list6
180,338205,82426,82496,51320,41136,35903,78778,44364,570459,educational,list2
181,350776,32105,43827,39206,37873,26265,87579,68730,808723,commute,list1
182,190702,3549,80968,48386,47429,2054,40737,28824,1694570,travel,list7
183,387150,49293,79099,65693,64470,95885,14558,54064,2644193,commute,list6
184,383467,61235,82053,49481,6436,38504,37909,50238,4364754,travel,list6
185,244235,54285,25157,90755,24736,14932,84398,30582,7443321,educational,list2
186,450963,72319,86792,43276,16186,39900,82945,65292,3538937,travel,list6
187,95508,65141,11747,90847,77854,86438,97575,21041,2229048,seasonal,list4
188,56338,99530,85246,61418,50542,42646,6965,88131,7032735,travel,list3
189,128811,96146,75791,46763,143,96565,83119,3722,2788095,commute,list6
190,224872,79226,66116,9567,86492,35911,67440,61993,3031704,personal,list5
191,225600,61279,95557,91579,84933,58621,9419,62583,1254113,personal,list1
192,260976,1284,63937,21822,97336,4545,88881,22151,4365892,travel,list5
193,247170,63782,26790,18469,16179,16444,48962,56979,6163956,commute,list1
194,446459,5952,31255,98572,14791,70690,62432,28138,2484124,commute,list6
195,47431,69797,77227,626,10064,98045,33019,6883,7386292,commute,list6
196,212011,4148,44494,43109,99188,50280,78047,88187,7181169,seasonal,list2
197,327102,65156,18483,89423,94992,78633,74654,87416,7221174,commute,list5
198,39580,20376,85739,61170,59437,25008,55454,10699,2600370,commute,list7
199,3490,51404,18000,20151,56372,19610,16454,30081,2400499,seasonal,list3
200,132074,18930,42805,44580,87475,13819,78715,43329,5877830,commute,list3
201,187279,54229,5055,9475,8793,98729,61957,66624,5497204,seasonal,list5
202,95721,79243,17199,72977,77114,84265,8531,33714,6134363,travel,list1
203,454187,67548,44737,27595,84546,40829,43906,61180,5555385,seasonal,list4
204,479551,69640,10020,70541,9075,77277,76521,5404,2012877,personal,list4
205,103759,99480,41252,7553,96947,61998,39298,86939,9878546,travel,list4
206,4620,63440,33783,12017,79356,84109,26842,62504,7061734,educational,list2
207,168027,83570,77345,64283,46581,34881,30131,93790,1159287,educational,list7
208,79508,51117,7490,91032,5873,215,51073,3782,3133858,educational,list2
209,439492,38413,99001,56241,52308,25460,85049,94259,3693086,seasonal,list3
210,418583,5900,60466,65933,35813,67597,74624,35395,5229750,commute,list4
211,207247,33280,27080,64092,10134,34829,64068,32257,8285944,educational,list3
212,211760,83503,70565,59996,62116,83151,31294,63407,5865466,educational,list3
213,12608,79782,5174,61024,35451,3550,51685,2133,5294733,commute,list1
214,431618,56933,88723,11901,99372,21017,17498,99328,358499,travel,list1
215,387933,91437,21355,38324,5745,55426,21609,74909,8672749,commute,list2
216,154246,7470,34327,44225,73837,89865,71037,44226,9392720,personal,list1
217,395938,53331,95722,47581,1864,71552,25752,99202,3679982,educational,list7
218,201330,98044,40281,42113,20373,52473,45457,64368,8266779,educational,list4
219,465025,48064,50370,28997,66030,21548,73677,88314,6021552,educational,list1
220,452565,36111,54716,21478,30047,48085,70926,73616,1465482,seasonal,list4
221,154860,31204,10640,24068,41538,25666,76055,40983,1394980,seasonal,list3
222,17371,69222,37444,32328,44363,13342,91779,91341,6145193,personal,list7
223,321893,1079,15416,39036,31766,67691,74798,95470,5091799,personal,list3
224,320004,7632,69018,74270,1223,40132,55192,33170,2924751,educational,list7
225,462876,36628,47192,16969,13297,65385,30968,51858,190109,seasonal,list5
226,227317,98836,82162,26535,97819,32850,71058,49179,2894886,seasonal,list7
227,213690,53854,40407,99630,38161,50966,35735,27375,5466843,commute,list1
228,165431,80720,73552,87796,78997,94049,71371,540,7674514,travel,list5
229,452851,7953,35440,70901,88428,7356,76385,91196,7577701,personal,list2
230,51312,67557,87985,28120,72838,3672,70196,20150,7621143,travel,list5
231,177096,64498,95835,6265,64430,34215,97557,74599,6955710,travel,list5
232,68113,49893,86209,89317,79752,28588,67496,50164,4298687,educational,list7
233,163748,9852,88285,37094,38457,2545,49739,80213,744423,educational,list1
234,497506,18225,3247,62240,45271,54006,7286,63261,9477655,commute,list4
235,395058,59420,34288,35313,68129,85099,99882,88201,7145661,travel,list7
236,424568,14710,36845,40503,83053,18876,62380,63427,228365,travel,list5
237,136421,10060,6678,32702,89519,36851,28953,14916,8831885,educational,list4
238,77438,70770,6309,74144,48552,60683,74036,15216,7958286,seasonal,list3
239,279233,62752,12897,14946,73594,41735,9237,11681,8166536,travel,list1
240,423503,98337,62283,73378,18539,11555,5402,31691,7509425,travel,list4
241,444613,29199,58439,30065,68434,32343,36045,57178,2685174,educational,list5
242,175091,60979,32790,66434,65633,91921,99364,44751,1952672,commute,list5
243,276816,60509,94621,84480,83783,43199,15735,77953,4993028,commute,list7
244,222221,9517,18083,13980,76976,45737,32579,25856,4795501,educational,list5
245,460658,46311,17643,27983,18611,77712,22493,46495,9039410,commute,list4
246,105625,35736,9135,65291,87046,8400,49979,21981,577483,personal,list7
247,196070,52850,34406,84497,97488,58781,77511,99987,6184585,personal,list7
248,17005,44060,63413,44109,68778,63328,27124,81715,5526150,commute,list1
249,370479,38750,29077,51598,61670,17671,39299,35718,1584487,personal,list7
250,73926,73872,47988,37849,25481,6002,78164,76004,6305322,commute,list7
251,288532,36316,54428,81638,28861,8909,41399,85902,4421132,seasonal,list2
252,482468,35005,23495,62147,70857,81929,21047,31799,1018913,seasonal,list4
253,27617,39525,83085,38712,11837,3103,60933,17801,4402888,educational,list6
254,486211,64975,97924,79870,51566,65035,31796,85726,3341907,educational,list3
255,269985,79932,47367,23256,95349,38853,36425,25333,8305020,commute,list2
256,172989,64704,75903,20155,89549,84845,10489,20171,6827516,personal,list2
257,156013,34630,74798,65810,87341,63215,39614,31735,6932938,educational,list2
258,387564,5550,57179,42392,71427,64033,67837,56053,216679,commute,list7
259,391686,62185,22933,83966,41716,91517,51216,70027,1748498,seasonal,list3
260,428702,79392,93364,68534,62613,73061,33129,11570,6506370,commute,list1
261,136035,88062,16485,35129,9006,58327,4132,56631,8944534,educational,list2
262,60201,58456,68805,64473,17609,12524,66151,74444,5577679,travel,list4
263,489475,96245,14328,40067,16400,38028,65337,64923,3170678,personal,list7
264,255716,6993,37196,16773,53163,35029,50683,51651,2545551,seasonal,list7
265,16369,23975,8675,50217,49060,8422,62367,47394,8607478,seasonal,list7
266,28575,96630,73287,63542,21490,14431,60994,59752,3120132,commute,list5
267,294018,97785,63859,20114,20305,34658,11742,72646,2000182,travel,list7
268,115781,61992,23792,48404,35530,44263,78258,34892,7382441,educational,list2
269,256246,43426,95176,80317,28271,84000,49914,39440,4097005,personal,list1
270,108121,76559,88896,85734,39832,86915,83643,87882,1219095,seasonal,list5
271,456774,93192,62771,85991,54419,40044,3166,59595,2805304,personal,list2
272,203186,38042,19459,29988,50702,61116,95077,2504,4606503,commute,list1
273,472385,65937,2394,55482,71493,84497,69224,14374,2882394,travel,list1
274,404824,41795,64994,34224,16155,75670,34098,40956,5272510,educational,list2
275,205409,8389,80939,7287,70980,35216,29835,11156,9840410,personal,list2
276,347140,92756,13798,62534,77927,89470,66243,38119,4468310,personal,list3
277,55386,60418,77639,46351,46970,62845,90645,88500,3440341,commute,list4
278,196642,51371,48256,10751,15883,83655,76311,833,9761639,seasonal,list2
279,388640,28701,37070,73163,89398,94414,39764,2597,6952275,commute,list2
280,418278,68214,59047,76,11562,22762,79009,83889,9480616,personal,list6
281,96975,57603,36780,19419,79504,84311,92453,41325,9561881,seasonal,list1
282,51673,30160,9861,56680,85505,51507,88631,29199,3741865,commute,list7
283,159472,83356,35859,1378,7423,49660,91186,98535,5626682,travel,list2
284,162151,43223,40669,28943,98043,69261,40938,35989,8602179,personal,list2
285,213155,79518,49564,2997,35431,73636,2963,56962,785537,commute,list3
286,64399,78376,35118,57170,87457,34866,64351,55858,250425,commute,list4
287,364862,85677,49541,68024,82839,71521,93827,39185,9655578,seasonal,list5
288,168548,72234,51059,93578,21946,14044,50180,99524,1109540,educational,list1
289,194183,68543,22229,36663,18288,47111,80559,48226,7992532,commute,list4
290,168031,734,88358,51172,48129,69652,87671,81687,7141655,educational,list7
291,346999,76870,37046,56057,48373,6028,24287,64824,7459488,commute,list1
292,257678,78573,55866,87126,87317,19425,62229,1283,3558459,commute,list5
293,18179,48665,10171,85176,4972,92672,19895,87467,6243110,commute,list6
294,368846,53692,27413,84954,36756,11111,80700,32550,6352355,travel,list3
295,109870,75178,21439,88391,85681,82291,23436,35329,5612362,seasonal,list5
296,489296,69963,5672,22441,19659,97548,50060,52815,930226,commute,list7
297,473854,50847,3962,9,81218,5297,32578,20506,1333154,educational,list1
298,11442,98060,63697,58437,60487,94316,15374,64414,1035545,commute,list3
299,76884,47527,63360,4386,9126,9801,65299,98133,1585359,commute,list2
300,304813,72930,93804,98670,43932,71412,28090,69069,5592402,educational,list4
301,60525,7378,67948,44006,64618,38840,13314,54295,8957750,travel,list1
302,397035,36924,44371,61608,95171,45158,74289,26195,4900249,seasonal,list4
303,95741,98986,91862,99412,85936,63930,53161,17635,4523677,travel,list7
304,471916,12282,29190,88068,27164,62968,97007,28782,5712900,commute,list3
305,350723,53026,82164,93383,23058,71564,90338,50360,1327146,educational,list5
306,173733,19796,46887,10454,9281,52325,41094,23206,8398768,educational,list5
307,482482,4391,22403,16451,38604,9090,83749,46809,6241028,educational,list3
308,223251,1146,71901,88189,67742,96758,17031,2257,9173244,personal,list5
309,349116,58920,39907,77538,4447,51856,4552,23898,9354312,personal,list5
310,375314,73771,69240,41857,72057,95127,50652,54528,2972644,educational,list1
311,144416,97377,95865,61553,28512,4952,28618,26260,1418949,commute,list1
312,277368,3700,56137,25928,85781,30859,10846,94988,4062625,travel,list4
313,430361,92676,65097,8874,43183,75442,79916,32265,7567635,personal,list4
314,198378,89059,2567,75867,98901,27901,86832,65136,6684241,travel,list5
315,240188,46168,42505,80283,67914,66313,26570,92049,2355260,seasonal,list3
316,248135,51308,9055,54201,8884,39938,26256,22181,616386,travel,list6
317,494680,71882,15718,14780,93218,21643,14830,49595,7174613,personal,list5
318,362218,38501,72906,70223,46186,3574,85836,71961,250144,commute,list2
319,75536,69141,44872,8442,30417,73174,77621,2748,5402484,travel,list1
320,259539,83388,24061,19616,78024,82431,60220,84222,8086243,educational,list2
321,30610,72050,15830,47766,7844,16206,1232,21783,9950427,commute,list6
322,29402,26671,80536,57145,10923,50670,31793,63538,1442269,educational,list4
323,94186,4350,87926,9459,6037,71703,37098,56558,4860299,personal,list1
324,289291,77646,90080,16728,85309,56632,5316,58523,7695652,travel,list7
325,321273,94276,48618,88605,2892,31634,90824,4429,9504152,travel,list2
326,65015,69201,93165,34264,52174,25999,69355,49536,7994374,travel,list4
327,65987,89790,5447,46131,75026,36665,5816,55036,2976491,travel,list1
328,256249,5433,65384,95629,29793,26161,1466,70475,1620118,travel,list5
329,364345,9773,67849,38854,65971,84616,28502,23849,6525407,educational,list5
330,260599,75154,53598,71835,81484,66917,15510,74129,1049483,personal,list5
331,351094,88852,70922,9680,67669,98703,22422,30279,3011142,seasonal,list1
332,230214,55497,7619,40765,5360,47270,73252,35216,5120698,personal,list7
333,279840,40426,3528,56419,76173,92269,9544,87980,636200,seasonal,list3
334,220194,2772,98083,10846,1904,99666,64367,14804,3981120,educational,list3
335,261609,60013,67098,91011,16874,40427,47492,4698,5733499,seasonal,list5
336,174884,54557,37180,40943,23638,9064,16313,51549,6026965,seasonal,list1
337,170339,51901,18780,12969,64241,48096,39995,77085,893585,seasonal,list6
338,437142,8606,54425,64788,83045,63689,69084,37393,7540090,commute,list1
339,237028,90238,80278,65090,12141,9047,49196,69405,3481394,personal,list3
340,485175,1294,64205,96652,77309,41383,80340,45749,7507437,seasonal,list3
341,133462,10505,47991,79166,40691,62230,94508,5075,7409761,seasonal,list4
342,419491,37952,9981,63063,91980,50917,1522,99475,3650696,travel,list2
343,382326,14516,51842,77945,91501,18284,87232,9008,6995871,educational,list7
344,288630,64302,50004,29714,30014,40488,36043,89442,595895,commute,list4
345,207637,86809,3919,3234,64209,637,20885,55849,3419109,commute,list6
346,47507,68893,53182,92945,84862,15860,65612,67679,4667619,seasonal,list2
347,497268,86266,15378,45630,59296,17900,11265,33761,1720756,personal,list4
348,373743,72561,47746,96067,7428,42785,94926,34102,3158201,commute,list7
349,138772,13170,67030,86328,89853,76345,6733,10451,7589302,personal,list1
350,7921,37952,88728,45223,53183,72551,38340,15512,3488485,seasonal,list3
351,487918,60577,75703,84582,42030,71537,25464,19930,1146676,seasonal,list7
352,441144,95909,31538,38215,16204,81622,80064,19630,2785821,personal,list3
353,193184,82437,44365,48607,23043,83530,74426,94042,6013208,commute,list4
354,109890,57514,941,93688,37524,36831,58234,19671,9637673,educational,list2
355,81125,52604,59222,68777,57667,99733,86958,13501,5406461,personal,list2
356,148261,59145,48809,49371,88095,1298,75625,48299,1302698,personal,list2
357,225659,35262,1787,53314,92459,11487,35713,26684,9570882,travel,list6
358,471682,21719,26441,95808,32645,92282,65236,92190,6727930,seasonal,list6
359,422841,49564,75110,41337,54751,40921,42074,39348,3053278,commute,list2
360,43547,73188,93599,1424,87260,63455,39954,66998,5795692,travel,list4
361,140003,37145,85616,50942,11752,53848,96972,80759,1026625,travel,list5
362,162881,50299,14759,30275,41685,2852,68337,92976,7639395,educational,list7
363,32931,2525,73060,48793,663,13741,51774,9481,7407868,travel,list2
364,431194,24138,33789,91942,23187,41180,5612,10099,4922392,travel,list2
365,3802,71880,42718,43188,19977,18518,78006,69510,8211142,educational,list7
366,279779,99777,27316,22718,31946,56569,86197,5663,4491269,educational,list7
367,89407,72185,61662,53740,56753,86760,9540,84888,6746218,travel,list2
368,190069,31637,67952,88259,18121,87950,15173,93696,1118987,travel,list4
369,172588,37699,66287,25562,54974,7582,21277,74727,4660335,personal,list7
370,251457,15292,36968,17736,52956,81441,49901,82963,4343395,personal,list5
371,211632,38649,12743,51620,60198,12405,991,60994,9686412,educational,list4
372,236272,22144,45859,79624,73367,15669,80983,16964,411684,travel,list2
373,152456,77437,28213,91801,23228,46239,80856,68129,9999118,seasonal,list1
374,459175,63369,90185,47676,84699,46712,20180,30367,2148569,travel,list2
375,34336,34737,25951,20346,47315,73317,70414,68451,598631,educational,list1
376,377031,5810,50167,23169,72770,4757,54048,1138,4555133,educational,list5
377,457203,28365,59621,33593,13410,48395,84948,56434,6767696,seasonal,list1
378,239196,79313,54492,54812,15969,74164,44563,77419,279231,personal,list1
379,398456,61170,79203,75031,66502,81158,71561,2238,520655,commute,list2
380,339641,32627,28645,24853,47291,30307,42447,9421,1592249,travel,list1
381,270141,13836,34910,65360,15277,13818,40340,68341,9515637,personal,list5
382,269192,7606,64429,95615,43814,71476,62478,23610,7009592,educational,list6
383,426280,73800,66993,11781,67489,48194,33837,66550,2270586,travel,list1
384,263723,42794,52178,56355,65674,34532,21640,31858,9860372,seasonal,list3
385,195440,25217,98837,80713,7816,13284,57073,75777,7193372,commute,list5
386,484778,28340,98062,4317,77999,72851,23593,41544,8281234,educational,list2
387,489297,18431,75039,19967,54214,47641,84330,87912,3195363,commute,list7
388,137689,15311,9776,57553,60486,17767,13786,90759,5892589,personal,list1
389,256982,49513,19129,19008,17790,48300,99796,15329,9741214,seasonal,list7
390,337406,14736,21895,5116,93337,44920,62646,159,3189566,educational,list5
391,84153,22427,64621,90618,50200,32213,9610,28197,4237752,seasonal,list1
392,481962,84548,2299,8966,9995,57781,86008,72492,6667895,travel,list7
393,34852,543,32394,44309,98650,77290,76128,38593,571149,commute,list1
394,155353,92145,2339,76956,19187,65754,17327,4721,5638587,educational,list4
395,86183,78254,18057,55917,76756,78581,76711,79747,6449625,commute,list5
396,476216,87220,60395,62007,14983,35341,58782,37496,1974261,educational,list5
397,486750,71767,66516,33975,55365,88749,6155,13657,3351890,commute,list4
398,426859,11215,83182,75995,19232,29168,87806,31246,7208332,seasonal,list2
399,89581,74041,90631,36128,24409,19078,6165,20711,8837008,travel,list5
400,15769,88361,84335,49812,95677,4590,55429,30599,5414761,travel,list4
401,377923,56882,83652,45877,78445,75806,76991,79593,1906218,educational,list7
402,337945,54167,33142,21701,24624,142,85973,19731,1398669,personal,list7
403,281329,19728,89523,10133,72563,57843,97319,2706,3543416,travel,list7
404,313741,34915,42543,29620,10999,95928,67949,3345,2173025,personal,list5
405,306712,4042,17560,92871,80384,4762,29462,73378,7405167,seasonal,list3
406,378694,89110,52637,23902,82161,45757,12000,35277,1831019,educational,list7
407,326118,76685,34243,27927,70412,29455,40000,17480,7553429,commute,list1
408,273139,86253,82532,97822,24016,77244,18240,17197,8727530,seasonal,list1
409,405269,10916,26885,5358,91013,28062,75437,64507,4248461,commute,list6
410,79679,79589,718,59924,19127,35334,8165,66471,6911078,commute,list1
411,133244,98848,4463,40305,51056,35632,39437,1806,6320896,commute,list5
412,35903,64026,2066,31802,44912,88246,560,79737,4410043,travel,list4
413,75698,6129,59184,41842,60757,76124,95361,51247,9053298,seasonal,list1
414,9585,4433,56435,83298,15686,8132,18258,69100,5993786,seasonal,list4
415,35158,56966,73183,90490,3153,89841,61053,49897,6147309,educational,list1
416,459506,79456,10099,28854,57358,3725,35484,6800,5901856,commute,list5
417,230337,87681,83339,94446,70269,63641,75792,2249,9188459,travel,list4
418,28580,64116,47471,27491,28565,86581,69055,58470,894628,seasonal,list6
419,304116,28841,36999,45158,73115,21745,24375,44449,3027863,travel,list6
420,285150,93735,30551,90281,98188,91625,99598,69057,3493322,educational,list7
421,447734,31571,2175,9661,60626,43714,39270,18789,249012,travel,list1
422,369294,42045,15506,22512,36005,88722,36581,68057,3075566,seasonal,list2
423,103896,90720,50840,76501,95367,60897,86728,67933,9783085,commute,list1
424,369370,75281,74734,53675,46919,23901,98802,84108,8113867,educational,list5
425,50367,3065,88316,62349,90762,61329,50159,80292,3205990,seasonal,list5
426,220371,30157,57944,66838,96539,56742,77553,47237,3673120,educational,list1
427,182554,44960,62536,62651,55834,78705,63955,65516,2104324,seasonal,list5
428,426104,56050,45794,545,30880,14275,7082,5672,7764884,commute,list6
429,473496,81843,3363,67180,64447,59236,87689,71757,4956791,commute,list3
430,415475,13759,1783,34412,93808,57290,90503,97882,2842361,travel,list7
431,422484,63746,92552,25560,52120,26216,33838,52407,9651085,personal,list5
432,149759,57597,35578,69897,2034,87233,34715,29532,915488,personal,list4
433,149221,4636,81271,85272,2305,66109,46383,62233,9621914,seasonal,list3
434,101560,3899,70202,8678,85235,14432,63820,24055,4717496,educational,list4
435,127946,89728,65208,6322,54024,46733,90909,32885,2604837,commute,list3
436,112344,55757,59136,98259,61258,9583,82928,79962,7904989,personal,list3
437,107418,24687,58385,60712,64882,17713,60889,39357,1034959,commute,list6
438,310396,88490,34657,56125,32449,28999,96261,34929,4751828,commute,list6
439,110504,37935,81162,49803,86128,84384,69669,79652,1486948,personal,list5
440,286394,35648,41952,2899,85001,56803,86109,63574,3017732,seasonal,list3
441,200318,30525,70675,27252,8548,88839,63113,87467,7300224,personal,list7
442,21173,95526,43659,9293,93345,50008,50120,93447,6190666,seasonal,list4
443,370171,68406,90533,61630,78216,93586,38947,88290,4868879,seasonal,list5
444,128236,83538,87799,57769,7459,33563,27998,36227,9292240,seasonal,list4
445,365607,25017,12002,68295,21772,17245,62982,9394,594768,travel,list3
446,155012,80448,59085,77260,49779,4222,15687,79575,8687391,educational,list5
447,57176,72551,25856,88868,14571,74310,82967,86749,8766297,commute,list3
448,441399,49321,62669,24855,38057,73341,49792,97071,8080532,seasonal,list3
449,425231,60185,57945,74053,93112,8718,24966,55171,3918176,personal,list4
450,167148,32524,57985,66808,62406,972,715,83033,2400361,educational,list1
451,9743,47986,14860,72055,24990,25262,9342,72250,1491539,personal,list7
452,438324,72527,44101,15115,91219,6233,44834,66360,1962725,personal,list1
453,139181,2448,97454,12324,68132,25595,46212,72689,9958602,seasonal,list1
454,478686,92656,62351,54252,63584,16178,29577,95238,3034121,travel,list3
455,90699,56929,81048,78898,58746,59200,43791,96495,6274680,personal,list4
456,42863,25722,43530,27764,42423,60419,65836,12402,712604,personal,list4
457,448519,76724,76124,14132,41705,76242,42671,2170,2273839,personal,list3
458,82378,24240,50891,42774,81346,68387,30978,28855,7942812,commute,list1
459,485931,92011,57184,90646,95758,94520,24132,42403,6330937,commute,list5
460,458645,92770,99606,2938,19923,45277,53509,96943,2601653,personal,list7
461,45938,35393,81548,32321,61147,59452,2377,68098,2322504,personal,list2
462,74132,17170,50195,66645,86312,14134,31706,64173,2170439,seasonal,list4
463,303712,67903,31112,79667,63298,79336,45105,54665,8462423,commute,list5
464,326042,47979,14849,15081,47155,52384,28508,63349,7777245,commute,list6
465,255123,77912,26100,38996,56652,67204,68377,85147,3780631,travel,list2
466,186326,278,82426,59643,94194,31865,55781,75343,3564336,personal,list4
467,307132,25392,96949,28667,36378,62640,97268,58469,8340282,travel,list7
468,281071,993,3656,92186,61068,81787,56590,6143,6522446,seasonal,list5
469,288992,56805,47169,97322,63866,10574,72450,3620,6312219,commute,list4
470,329864,64735,42249,54251,90966,71009,42275,31766,7358714,seasonal,list7
471,17991,32093,49149,42916,79155,33847,48297,69675,7457779,commute,list5
472,259048,33386,64186,2819,2030,77909,59787,60815,1875332,personal,list6
473,89668,79172,88919,86336,61672,91886,13282,98337,8211601,commute,list4
474,98053,53668,33608,99871,10626,80440,3335,737,1651978,educational,list2
475,171811,8371,45791,74515,50368,13557,97573,65025,3311723,seasonal,list3
476,378537,64509,88891,6553,75089,50690,55504,69353,2961157,educational,list3
477,382654,85743,47715,86578,30755,12839,39468,83997,1676195,commute,list5
478,486113,8367,26722,56178,34657,81319,78444,53250,1762699,personal,list3
479,465915,92204,93170,78092,77777,90238,67565,3157,3422813,commute,list7
480,437362,798,50174,96820,16779,99804,81482,48282,727118,travel,list3
481,58359,99870,97944,29037,32234,40622,13163,51830,3505263,educational,list3
482,405799,20163,56986,88801,88239,86189,22298,6176,8962778,travel,list1
483,304876,93697,25110,2026,86081,53878,50003,81479,6986152,personal,list2
484,172362,30243,86500,25975,75324,45170,74309,33033,9022982,personal,list5
485,35088,78685,20985,36338,12210,74036,53446,3220,3421587,seasonal,list2
486,352457,10224,76101,27396,94190,49776,71114,34655,8123488,educational,list6
487,201809,77485,97158,81993,32154,44380,36004,77754,361903,travel,list1
488,456594,86751,28498,8355,53383,88213,2367,53577,7229886,commute,list3
489,278995,86218,99493,42925,56946,71611,99751,32221,9227846,educational,list5
490,264497,72505,66317,67610,28976,61587,13431,39268,3499509,commute,list6
491,431318,10374,45313,13169,55628,24865,52546,92024,6530392,educational,list5
492,309010,4086,79848,51648,70987,93733,52921,77292,4139986,commute,list1
493,168446,91630,43365,55896,80354,89875,58769,37812,6963021,educational,list5
494,290995,6082,36433,88941,15873,2140,59998,72401,5856709,commute,list2
495,264394,42632,49052,82557,44709,50536,96797,22532,2181786,commute,list2
496,320677,94148,11124,21328,11548,73546,74537,2202,1130214,travel,list3
497,459371,24866,18510,64620,58820,96524,34283,98678,1970704,travel,list4
498,16195,6078,58727,32951,74486,68893,52616,31756,7062156,seasonal,list3
499,31037,20331,30970,88871,66441,42001,67456,49148,6996407,seasonal,list5
500,155471,34636,33182,35002,24537,75511,367,91551,4126511,seasonal,list4
501,392446,46494,1937,69164,28809,75081,36413,74898,5559905,travel,list3
502,280079,33557,14970,70861,51941,76009,26326,66820,4792733,personal,list4
503,19850,30987,56306,41854,70314,93408,99700,90832,5240957,educational,list7
504,322911,25730,88219,21722,89475,70064,84841,40604,4143052,educational,list2
505,330593,99630,92123,99893,26651,88979,85061,20198,347792,seasonal,list6
506,195359,29560,35118,16069,15252,85260,14225,42452,9505211,personal,list6
507,127229,64772,61860,7879,26446,1784,81879,34676,7100840,commute,list3
508,458822,9722,58718,21505,18908,57075,80148,43852,8878571,commute,list1
509,289694,50281,97267,95636,34265,92937,51888,55884,8431185,seasonal,list1
510,446719,45814,11415,70825,45671,85168,56452,639,9525046,seasonal,list2
511,168352,65988,42352,40318,4726,57954,2334,77557,69872,personal,list6
512,171032,59148,79442,63252,7082,47652,54647,83393,4880110,seasonal,list2
513,436366,78166,88474,39547,14716,64065,36923,89355,7432589,seasonal,list1
514,474319,23727,92258,32690,56707,37508,71607,5141,8426250,seasonal,list6
515,100328,5268,47279,52810,11251,40326,7296,4275,701358,personal,list1
516,116295,11716,71658,67851,63481,99138,31875,46602,8307535,educational,list4
517,155378,17893,52434,86523,5655,15880,36218,81743,2582836,personal,list5
518,424367,96013,71062,6037,98747,66760,95443,66035,4989714,commute,list3
519,72198,3598,13900,66865,35739,83351,51276,3348,851582,personal,list4
520,195909,24747,53829,10254,81427,41694,89205,41888,1908712,seasonal,list3
521,29122,11395,53091,91532,84212,98940,81356,35997,7926812,seasonal,list5
522,262538,58901,74018,81906,77478,36735,5461,12789,9774416,educational,list6
523,9231,72861,88102,86537,4578,10861,498,53199,5644784,commute,list3
524,178508,71546,67692,29070,50705,29170,73555,66557,3098162,seasonal,list7
525,404622,75300,48119,39700,28891,46259,27152,73720,9318077,seasonal,list4
526,124598,90243,23142,44763,50284,84742,1872,57037,8583551,seasonal,list1
527,93346,6003,63143,56333,35595,99942,56585,9549,3695835,commute,list6
528,180936,44936,25072,1423,70855,43629,57725,20822,1038059,commute,list2
529,225991,76450,60329,78404,2307,9273,86665,24474,7507367,personal,list2
530,467850,87815,23550,79681,57463,60348,94881,11516,6732762,commute,list1
531,286619,73526,36107,91172,38250,63102,67274,74100,6030319,seasonal,list7
532,368540,91003,92076,16160,48380,6337,69227,89585,299657,personal,list4
533,344839,27479,77405,59267,75081,82610,66430,59825,3976096,educational,list6
534,470534,24722,42898,59463,47831,47989,54456,36680,2620346,commute,list1
535,324928,73440,1772,68513,19098,3173,26446,32354,421149,seasonal,list7
536,477834,60302,85524,54785,41177,65387,44232,69801,6050490,travel,list7
537,42729,70258,42865,4221,2785,55550,15239,93317,293092,seasonal,list1
538,263676,28545,96400,97469,57498,41027,37047,75411,791610,seasonal,list3
539,298342,4230,86296,159,59009,80321,65765,81654,3138212,commute,list2
540,318364,81437,55126,33014,66731,77918,64097,32036,9159352,commute,list7
541,444853,25516,20592,49054,37725,12045,36357,40578,1881306,commute,list6
542,122735,61269,12108,53814,50809,38627,57322,70394,3913292,commute,list2
543,255519,19326,37312,88424,37095,20380,19601,58156,254651,commute,list2
544,398627,52414,55747,89759,71065,91078,61455,57168,7254056,travel,list5
545,342101,45819,57843,30542,85107,96967,54343,75335,7734545,commute,list2
546,140790,2757,84528,93911,90839,12848,94533,37656,4721092,commute,list5
547,217956,47861,47103,77097,65541,52072,80729,54551,5286287,personal,list4
548,441078,75126,16398,71304,59919,24022,45437,90934,9836633,educational,list6
549,115915,80677,15222,38923,79952,4567,57300,17911,5979249,personal,list4
550,263634,48794,21317,56235,94286,12216,84713,60125,8782723,travel,list1
551,440754,52927,25916,60318,70149,22025,32327,88354,2262529,commute,list1
552,380439,55745,11802,8587,71301,44484,76749,10443,3951807,seasonal,list7
553,366740,17468,37670,81343,97625,43875,47768,81093,3486482,seasonal,list3
554,496906,48814,52620,44175,36108,81847,92193,56506,9283354,seasonal,list3
555,95038,85856,19383,51336,22477,98246,78410,41172,7664860,seasonal,list3
556,8839,16606,55432,4320,31990,29587,26589,15100,4836392,personal,list7
557,390801,33747,36109,17416,15621,60685,85790,34564,2912369,seasonal,list4
558,266195,4207,15123,24743,4568,82081,42012,21134,9063138,seasonal,list5
559,128568,36927,74386,14426,96081,52876,36041,48286,7621161,personal,list4
560,144040,78089,34098,49237,49666,31091,98376,77403,6005141,educational,list1
561,197078,91974,67032,74866,23383,3794,21166,44021,2117585,seasonal,list2
562,483152,1161,16407,78767,63825,20890,35827,79670,5540287,seasonal,list7
563,104438,25975,92479,35672,99452,56526,4170,2087,4137018,educational,list6
564,297597,59460,48478,24760,88355,70041,44225,13546,2266526,seasonal,list6
565,438321,65694,94776,79736,19106,8360,78434,64285,2621381,travel,list2
566,264049,93388,98243,67931,41877,20564,61066,52544,5227054,personal,list4
567,382014,93199,62701,27594,66024,11671,89541,12195,4452058,travel,list7
568,319002,48853,59198,37219,7577,67272,69235,14445,173736,personal,list1
569,388800,66475,10764,53271,79241,8238,43489,99929,9267866,travel,list4
570,356739,90986,56171,69935,34504,45093,10391,57145,1788049,seasonal,list7
571,499740,88934,70400,65175,47686,42313,23551,5185,9770868,commute,list3
572,55006,8964,18525,81490,32657,43647,5477,29317,6040069,personal,list2
573,145934,46670,75289,11240,87496,44032,93152,67912,3486814,seasonal,list1
574,414055,31489,10155,53252,8513,11965,98490,66850,4514114,personal,list2
575,227722,69574,43552,67955,59612,1539,52442,74476,6345394,commute,list2
576,79592,28947,56009,59265,98397,60592,28270,21364,5467652,personal,list7
577,322572,24005,20001,74690,76217,66408,4365,12546,4554612,personal,list4
578,432277,75329,37071,94603,25022,7753,70467,33848,2651659,personal,list1
579,264383,46295,97830,96164,42415,99496,33964,88506,9350483,personal,list2
580,51658,49575,14158,63391,65752,1984,94808,65860,2833048,personal,list4
581,71994,21797,47150,92578,12484,53553,86,89277,3964290,travel,list2
582,125432,4235,61740,48472,32300,43690,50393,62619,5287788,personal,list4
583,494932,51520,60980,97975,57828,39892,7600,41174,1811074,seasonal,list7
584,246032,43038,52842,99622,70406,51521,86103,31888,5154448,seasonal,list5
585,89109,67087,80857,49736,39940,4147,85812,33898,3835803,personal,list1
586,406964,68275,35141,47882,70362,39311,1933,6886,8219340,educational,list2
587,158624,58293,71051,49103,72869,86015,55549,34523,1959825,commute,list3
588,28824,20293,74314,42250,61209,42238,59861,30764,206002,commute,list6
589,124470,57617,27246,93974,58798,5768,52374,31570,7368985,commute,list2
590,214940,86592,28465,42733,20325,55357,57379,80924,5523038,commute,list2
591,427950,40390,94694,5504,27260,55466,37498,56742,3660898,personal,list5
592,301953,22765,47689,58898,18628,24692,68056,9092,2402680,travel,list4
593,458075,22210,66203,75806,83072,36950,79707,67419,1929982,educational,list7
594,184214,23154,44421,3759,34749,91174,29349,21819,2046304,seasonal,list5
595,369764,37967,9567,4915,95223,65351,62409,44545,1290677,commute,list5
596,108729,72129,63916,28869,41595,10053,23753,69656,2312952,travel,list4
597,90116,20816,7027,36492,18659,95226,5762,39436,9039439,seasonal,list4
598,378380,79917,30510,40744,72218,24123,49548,35374,3625264,educational,list4
599,197122,97230,34718,45377,83179,33434,7202,34821,9298065,travel,list2
600,226684,85672,85826,40580,65092,98285,78356,48016,7594794,seasonal,list5
601,257972,42974,24084,18333,92007,67140,41752,91291,5740734,educational,list5
602,51177,49411,3519,54517,30149,77120,46680,79393,1617766,commute,list7
603,61014,1649,57377,4706,20863,58048,43460,64268,1857909,seasonal,list5
604,213555,20835,31337,11823,27717,14175,14814,25555,5643773,educational,list4
605,243373,97847,5155,15415,88375,3178,12827,90696,2231120,commute,list2
606,433877,62603,45424,49333,18754,61519,60381,14557,8654840,educational,list1
607,210003,14081,51304,68120,35502,28597,36721,43421,5093677,commute,list7
608,32325,51921,69117,40728,12663,81877,49358,9694,6554230,personal,list5
609,355386,154,21324,70664,40752,99660,58608,71330,3959365,seasonal,list3
610,375184,31087,67885,83504,9030,65126,66423,25109,3583507,commute,list6
611,183775,86614,73457,73085,74631,92475,94045,88971,3814181,seasonal,list1
612,96739,33958,2383,29724,93248,98922,1282,25849,2829967,personal,list6
613,317202,15738,76196,64618,22723,45995,61675,88299,1945329,educational,list7
614,329925,57671,68685,64718,9339,27015,52174,81953,7295399,seasonal,list7
615,162351,4537,58696,66,37136,73134,52413,6574,5859088,travel,list4
616,179379,26861,8654,47657,33169,76125,74321,15312,8295735,commute,list2
617,85238,37651,89645,12402,7028,13964,78410,12944,7824587,commute,list6
618,68769,70501,35876,27051,91115,3331,31849,96115,5142486,educational,list3
619,204714,31109,62183,83565,33816,82605,3467,13223,1263998,commute,list7
620,344824,6331,26080,29297,50558,57058,7168,54816,9270896,travel,list1
621,353798,17750,87115,95169,52716,77579,49928,70537,6201246,seasonal,list2
622,118868,79155,76688,16990,90389,75935,64876,3869,2968269,commute,list2
623,26696,70386,51229,14748,75246,20691,82796,1740,5950657,commute,list7
624,82896,22062,87857,67409,18161,92710,49091,5232,940079,educational,list3
625,68297,30756,67719,84890,57166,8370,27573,37544,3773734,travel,list6
626,493096,69860,1041,37310,66012,99824,14422,66054,5848402,travel,list1
627,58583,94531,14363,12084,18409,99765,73561,9209,5168529,travel,list6
628,111513,3938,83352,48168,43860,19973,47557,69467,8927378,seasonal,list4
629,399014,75399,74077,49687,72036,10976,97518,2566,8141879,personal,list5
630,256231,41000,72287,41058,47095,94254,12943,44015,7886337,commute,list4
631,465710,75917,50003,56657,70402,58664,29358,33854,3267544,educational,list2
632,487631,8217,62080,28091,45345,19989,72014,87380,3319560,commute,list3
633,415542,99410,13575,77412,42551,55344,75115,74431,9871855,commute,list6
634,465610,56908,86897,54805,24848,34021,6384,24904,8372540,seasonal,list3
635,445938,88788,3749,66378,30402,53770,36052,31908,9416491,travel,list1
636,191396,97977,17648,5611,43095,16578,27099,80857,5451333,personal,list6
637,98864,97270,13542,33435,27095,299,73665,31291,6166038,travel,list3
638,243063,27728,3478,6669,21931,19920,37779,65188,4560575,educational,list5
639,79221,40173,58390,96678,5211,93538,37556,68476,3715585,educational,list7
640,345453,59292,39605,99861,9256,87109,35922,33670,781752,educational,list6
641,150665,30862,76006,75141,7125,93796,55600,90690,4843279,seasonal,list3
642,48826,16865,56569,27972,57795,4530,70520,17896,3314844,seasonal,list7
643,486697,33730,59490,42374,80731,51963,88848,10181,1885435,educational,list6
644,432918,11929,28194,44967,30628,14429,61671,55526,9106260,travel,list2
645,447140,53447,68629,62105,30031,2767,73541,93356,702985,commute,list1
646,381680,40382,37598,37624,27130,82127,33739,24940,7804936,personal,list3
647,155860,32381,5118,145,55345,33155,91084,36388,9152001,seasonal,list1
648,405083,75996,46075,79258,68118,46761,61491,43952,5861361,travel,list2
649,143365,94093,30266,61245,4155,46899,61722,22183,3960039,personal,list6
650,40894,74436,82680,20431,93920,24153,13899,26036,2326632,travel,list7
651,75204,91962,73006,93939,91934,4137,11976,27788,1865205,seasonal,list2
652,170666,75281,80718,32827,55191,76393,34098,76038,3774119,commute,list1
653,106716,66648,2481,57542,93958,36448,53025,71369,7391007,travel,list5
654,157382,95380,41832,28510,90736,47605,82835,54379,3815221,seasonal,list7
655,461377,37565,2115,39260,82270,73050,35221,45695,6361766,commute,list3
656,366564,37415,24087,76395,48863,19659,38374,71823,5835846,educational,list3
657,326211,596,19632,59369,58375,83739,68182,48738,6821765,travel,list1
658,288452,59139,61807,58703,10907,32238,47605,78977,5447415,personal,list3
659,479692,73768,42005,95294,77151,42936,80605,25880,8701032,educational,list7
660,372196,82874,94735,98305,25508,26120,11910,99192,8953559,educational,list6
661,354264,38380,7931,75383,43927,3073,31002,48151,3372103,travel,list7
662,420360,3706,97522,83547,94284,44377,44592,99959,6217574,personal,list6
663,309685,23689,72450,42616,85252,70739,86571,82822,9086552,travel,list4
664,154184,88795,70186,78475,73574,65924,76750,61251,7298510,personal,list6
665,291777,98668,82070,7462,78856,34660,87340,20001,7971730,seasonal,list5
666,300464,49227,89900,77030,87026,98968,22094,85661,8575797,seasonal,list4
667,337224,95495,94237,72654,72954,80426,16915,75952,5384992,travel,list1
668,277763,40861,44640,30184,8876,15517,50264,74315,1969475,seasonal,list3
669,22980,52578,74944,11644,47067,96648,92284,83793,6994176,seasonal,list2
670,38603,96110,33030,9978,94092,1223,28075,52431,8882416,educational,list3
671,395328,93558,36297,20278,43415,46979,82396,26644,3816505,commute,list6
672,152579,52846,39452,17281,7035,59679,14091,70773,6953139,seasonal,list7
673,130429,49423,89834,260,4233,42559,56255,291,3856356,seasonal,list2
674,487804,17113,74839,12614,81142,52127,18461,34455,7841329,commute,list2
675,184154,57668,40701,97195,19742,3259,64602,97941,9517988,personal,list2
676,465601,57953,11913,82527,40972,31100,68202,24059,2117880,educational,list6
677,408136,22304,10685,2047,36615,80896,50107,98287,991934,personal,list3
678,20408,9413,42899,68395,37718,6126,93640,73146,4347792,personal,list1
679,446054,66971,25786,27169,70609,83760,51320,15023,9871963,personal,list4
680,482091,89040,46691,15226,24793,54365,28372,30040,5921529,educational,list5
681,344400,97632,41466,85699,79393,2075,80905,14649,5916887,personal,list6
682,37608,17725,62326,98441,70203,53346,50503,2328,1078953,personal,list7
683,262800,64103,37585,63926,93891,51681,69977,53665,6641399,travel,list6
684,288350,51513,10151,51946,2010,93831,79036,56025,5482794,educational,list5
685,227383,74540,64146,54939,32219,47722,36537,799,8431254,educational,list5
686,339385,21069,96226,4958,7607,15279,32527,91192,698103,travel,list2
687,279748,5581,40138,29572,38170,75207,2747,50733,7503143,seasonal,list1
688,228015,62946,78044,66076,19887,33723,71157,34391,9912710,educational,list2
689,111856,11281,24626,59604,7,80979,58879,2272,3077960,seasonal,list1
690,244433,75465,87178,17693,76351,47733,26196,70389,2074701,commute,list5
691,454402,47930,10611,23345,64318,11251,20289,37922,7108556,seasonal,list6
692,243982,72907,45375,3299,93919,66768,38759,49533,4137405,seasonal,list1
693,405241,19440,77973,63130,40066,75214,93267,56207,1875981,educational,list1
694,241007,3312,91544,41678,97840,5440,87467,38412,9568429,personal,list7
695,147711,7631,32622,65469,26362,32515,2723,3942,2237600,personal,list2
696,24955,42327,44794,62998,83944,93276,64444,64558,7579665,personal,list4
697,183668,80103,70534,44879,74842,19072,32897,31340,6616596,personal,list4
698,13459,84455,7905,96394,75905,38622,75502,40884,7284961,seasonal,list7
699,234271,69451,60285,2399,98241,67901,41044,13428,1886883,seasonal,list7
700,72531,49481,58074,48136,33679,14913,66712,86056,4784030,travel,list6
701,399961,68588,23165,1638,61980,82288,13383,79365,957427,personal,list6
702,40139,76870,85359,54489,29322,17700,17123,17494,7921049,commute,list6
703,275512,28998,80033,32504,9320,98529,32319,92512,5827015,personal,list7
704,469480,24697,950,35539,73951,27860,47983,35321,153703,seasonal,list2
705,176495,52064,82483,51723,5022,75923,57711,71789,91303,travel,list6
706,354251,5434,20592,9078,63853,55464,80166,32840,7531869,personal,list1
707,41447,74997,19633,39504,10105,6721,64122,85847,1189990,personal,list5
708,237120,51964,77507,79474,48895,52681,90853,44986,1789726,commute,list3
709,421670,32627,89156,86075,96093,67484,47796,3038,8560472,educational,list4
710,236401,25509,48835,34180,70789,69172,68998,95607,8467921,educational,list6
711,163917,60621,42049,38081,44317,47109,17853,96402,1726188,seasonal,list6
712,169146,72237,27338,14161,82840,37802,87826,45786,5501526,seasonal,list3
713,254440,68491,80615,86296,24671,10243,9613,3362,9900625,personal,list1
714,358092,67836,85817,58466,67691,8762,81173,55503,6420770,seasonal,list3
715,112610,7986,512,81702,4667,50824,64154,63346,6374530,personal,list1
716,403409,76313,86474,2574,23633,29483,12864,61069,7467166,personal,list1
717,244973,5406,96696,33580,90579,41091,98273,79843,7371735,travel,list4
718,318922,13140,33112,5994,78285,43446,93982,89580,1317762,seasonal,list5
719,55698,28193,56946,93009,27567,14510,96719,33316,6396591,seasonal,list2
720,459582,94537,21671,40311,90593,73291,11913,74507,2772472,commute,list3
721,287708,28377,19039,47408,97604,82913,79669,50940,6329745,commute,list1
722,430061,55903,56680,27888,22837,90909,25099,77440,2393582,commute,list6
723,447042,82160,86263,84631,76027,46506,57300,13714,8298344,educational,list1
724,364417,50004,68802,5639,32622,64925,41275,66154,7582797,seasonal,list3
725,497072,28264,4702,55121,58339,45544,73284,79657,8066740,travel,list2
726,377105,90947,65695,44775,31411,16214,78859,56648,1113977,travel,list1
727,188144,97830,49725,74543,26253,95778,10339,79401,2872321,personal,list6
728,128093,72497,70132,44057,23584,99309,28947,32128,2900182,educational,list5
729,411449,51751,81215,41697,91754,85134,4132,55505,7926438,educational,list5
730,36313,33561,22212,99794,95965,31468,34388,49955,3591937,seasonal,list2
731,100725,85669,30384,19433,85858,16569,29101,71040,5483058,travel,list2
732,96465,37045,37707,45994,61732,17247,89857,4276,9834757,personal,list1
733,238274,13527,58208,33055,29179,23811,35028,47377,333264,travel,list6
734,368130,17111,18710,77788,33613,11469,53811,21649,8451971,personal,list7
735,48021,95612,98933,10551,96180,91492,52770,68633,6306854,commute,list7
736,446664,23807,86318,45701,21633,16492,51106,26516,5528203,commute,list3
737,443735,5167,70915,70876,16511,54712,73314,693,6517494,commute,list2
738,468642,69245,66037,49020,66475,21837,99137,48181,7692076,personal,list6
739,381924,60798,61020,69188,15328,19828,96803,75179,5584404,commute,list1
740,316843,754,23696,74848,45295,57164,66383,31128,5676623,travel,list4
741,105450,68589,30030,268,21763,611,44129,31410,4308334,travel,list7
742,213640,92696,81788,34859,55922,77996,80150,56593,334560,seasonal,list2
743,458050,25416,28843,29148,78634,7321,71616,7746,2856616,travel,list2
744,253727,42038,10537,6556,26147,63351,29380,82632,44664,travel,list4
745,465142,96073,83523,9352,87171,65016,44824,55147,5717854,educational,list6
746,135040,60608,2009,96649,77947,28022,2335,50926,5392155,educational,list5
747,486246,23067,23176,10388,72580,42474,10832,174,2691252,commute,list2
748,209807,62036,78794,26451,24180,67527,26792,69226,1068732,seasonal,list2
749,352868,5743,98407,83620,73945,90011,20957,89426,4009718,personal,list7
750,433055,72787,42306,24543,81584,73259,15403,84949,3012968,commute,list2
751,229985,1694,54355,16478,70452,88183,24347,35294,5281678,personal,list5
752,475232,53768,20047,67721,60338,77881,41493,54208,4758121,travel,list7
753,398124,41424,98185,3186,18358,57184,25978,17118,1371979,commute,list6
754,387900,33833,16761,15284,74830,12429,67525,1982,4270913,travel,list6
755,314043,74351,38559,83353,85712,32236,17482,89495,1064499,travel,list3
756,486381,56073,809,87879,59941,84438,78910,2339,45188,travel,list6
757,123385,12240,16925,64620,2180,2854,37847,88880,9718653,commute,list4
758,437922,7880,42236,7454,44697,36648,24613,12805,24032,educational,list5
759,271546,30956,16790,50589,27025,93029,44437,66220,1514033,seasonal,list4
760,202083,93080,56475,23445,38680,75065,45088,32279,1434194,educational,list3
761,247172,5806,3136,81432,99293,73685,79318,92084,5107428,travel,list1
762,89999,84396,16718,65108,37705,76274,22145,19680,7178526,travel,list4
763,88145,33960,17893,28562,24342,77780,10745,81766,1185024,seasonal,list7
764,147935,90399,81594,76377,64150,381,63511,12514,6158741,travel,list2
765,4577,91258,53326,80370,9365,9163,22896,97632,6826509,personal,list1
766,110498,74449,72856,73501,96395,469,91176,75451,3011620,seasonal,list6
767,157343,90372,67002,69917,36985,61854,93289,96151,4325883,seasonal,list5
768,220853,25106,17882,32874,43167,99248,46411,66621,2446913,personal,list2
769,54854,41768,69030,95152,16389,68840,44421,36682,930508,commute,list6
770,254659,74476,72188,46511,46699,91149,93064,21486,4320993,commute,list2
771,470354,26599,25589,44618,86068,71902,5206,13795,9676196,travel,list4
772,71988,48652,19214,57965,24068,54328,15968,75737,1559820,educational,list6
773,342684,55603,34716,49172,9317,66093,52567,28637,6151949,educational,list7
774,441423,53016,83712,59294,69751,94648,56608,98821,9226764,commute,list5
775,278475,72032,23098,52832,14586,90974,42767,57716,8984531,travel,list2
776,387760,79863,9190,66140,88150,90427,54195,15545,3382340,seasonal,list7
777,410423,48672,2198,72093,79523,94765,1675,21327,3475927,commute,list6
778,218628,89077,69186,97501,57684,78140,48370,51995,2873725,seasonal,list6
779,464338,35345,83369,30984,56959,30730,48567,92896,669568,commute,list7
780,132623,70454,58235,4073,58254,59557,52876,77425,547988,seasonal,list7
781,384547,881,38558,14539,23756,77019,91686,4667,6235328,commute,list3
782,414662,36848,38881,58050,3062,317,11842,18995,283935,educational,list3
783,16621,83372,8333,13098,1987,29136,78687,15870,5581904,personal,list6
784,59928,45368,7357,30386,14672,22523,85664,24080,4983021,seasonal,list7
785,68777,7704,38648,65084,85478,88825,79782,98744,4045840,seasonal,list4
786,258174,85134,24579,41544,40730,9629,61242,82982,2753150,commute,list7
787,493653,52546,8737,80764,51008,26461,22027,55597,2621220,personal,list7
788,315030,4283,59540,98609,7202,43408,87389,14478,7675344,personal,list1
789,366039,82958,7247,5876,45690,3759,91136,87384,2781896,seasonal,list7
790,69047,40694,24017,35580,78647,3478,50171,45891,5123225,personal,list5
791,434903,77865,84377,9793,6351,97470,9251,41545,6031261,commute,list2
792,396428,97429,38483,25893,22606,96017,80243,51792,7916439,travel,list6
793,497518,7919,92845,19510,23636,24594,35874,67956,187405,commute,list6
794,437955,16218,81353,97178,46392,14250,33295,44358,7440439,travel,list1
795,498542,74360,99165,69165,79867,91349,81362,96141,6384187,commute,list4
796,288890,29063,46943,71005,6392,40098,1345,72947,2586813,commute,list6
797,205879,75650,55475,60353,85818,14759,31811,49965,2629328,educational,list4
798,139051,97483,63470,54809,85409,28491,17966,7748,4487728,educational,list5
799,268566,22814,98529,7788,35856,29529,68510,14385,1825635,personal,list7
800,499012,88030,23095,20802,16571,34799,5612,80853,8489880,commute,list1
801,399420,91265,56556,43629,8534,77820,81800,93695,3949201,travel,list4
802,249495,89307,67269,84004,14025,62723,74214,2550,4643080,educational,list6
803,264776,56942,46929,18613,2963,54183,15341,53204,9747590,seasonal,list5
804,469748,90155,62317,15184,35692,5459,96577,98574,5876226,seasonal,list5
805,480984,93675,85952,61807,12097,78403,38125,87130,2229868,travel,list2
806,12858,82456,46976,92363,11688,10964,2652,15431,3321865,commute,list5
807,70753,32915,93784,30200,15014,17282,24725,74537,5223800,seasonal,list2
808,10873,91230,40581,25348,49843,15573,64947,65052,6616954,commute,list7
809,345489,85064,86746,77245,77819,6194,59243,53939,3762903,educational,list6
810,325647,38377,43154,66231,16589,35826,1916,15326,523885,commute,list1
811,422975,92109,44989,28465,32462,72611,85651,27781,9466697,seasonal,list6
812,384867,20479,82764,19744,53148,2522,73209,60884,9916951,travel,list4
813,155850,24906,37500,23674,13597,62819,66142,84363,7540697,educational,list4
814,265734,35712,17692,8577,36962,2217,83284,95477,8186857,travel,list7
815,275451,52027,7065,5088,53760,528,55666,51801,8723127,commute,list3
816,90779,9841,99491,77813,92722,87418,74940,34235,6959117,travel,list4
817,180226,86720,76481,65531,20463,96939,75669,26249,4070622,travel,list6
818,33949,69444,29993,28983,56324,88665,79673,41411,8667179,commute,list4
819,476800,82134,4385,21883,92134,80628,58718,49674,327624,seasonal,list2
820,153543,86960,22610,53663,66068,92098,64708,24893,3690615,personal,list5
821,67819,93279,21803,36077,82127,17327,92840,97902,3488451,travel,list3
822,223018,139,42002,48,89393,67333,14967,11271,2890741,educational,list3
823,356241,38290,87184,8752,74083,8242,23668,92124,4669838,seasonal,list2
824,265874,25948,12335,14292,42858,23745,53932,56662,8577331,personal,list7
825,478220,87506,12909,63856,55759,16071,97217,58228,4291175,commute,list1
826,454195,79498,25529,36292,3197,82088,94650,41619,515733,educational,list3
827,464007,30550,2878,67853,35859,27443,17175,67980,6752971,educational,list4
828,321203,59366,32657,27269,27168,57656,14390,19504,6398751,educational,list1
829,75597,63984,19869,46944,49622,66026,90389,9656,1607742,commute,list5
830,216073,25731,83684,63276,9351,15178,77902,41798,7373833,seasonal,list7
831,118512,81979,41840,90858,42211,8588,51461,94953,9991927,educational,list5
832,269186,25661,43652,30411,22934,3322,8842,80065,7382718,personal,list6
833,249615,40064,53949,19709,11849,6237,50308,30766,4975200,travel,list2
834,216143,11307,34886,19544,68805,84407,11324,50938,5716472,travel,list4
835,485183,7891,33064,27062,20011,15568,30937,25194,1086230,educational,list4
836,300638,95629,22420,14123,9132,57599,41220,61948,6664936,commute,list3
837,315728,3279,86415,34584,8251,10859,75656,58111,8722272,personal,list6
838,34985,74592,78759,17003,21976,76811,39271,83601,1838485,educational,list5
839,247318,95725,56841,53566,98139,95212,16824,51746,8419228,personal,list2
840,163279,42498,15652,88638,40813,19295,87249,40003,1323171,commute,list7
841,168097,87437,31887,16088,39066,10829,10982,61673,1371041,seasonal,list5
842,338886,20914,51356,15887,81040,82789,15102,92207,9921816,commute,list6
843,139232,61039,9549,49501,45956,10704,74867,27812,7629429,personal,list4
844,74289,18847,39672,55572,8294,6488,61601,45746,6745690,commute,list5
845,74235,37684,58692,98197,45739,22128,21550,22803,7038538,personal,list6
846,330191,78675,56019,29646,97948,75466,69997,43118,2487192,commute,list3
847,146153,76497,6966,91831,42316,80276,64356,14684,4877818,educational,list2
848,273082,40503,4886,50675,5324,8636,75696,64972,8306531,commute,list2
849,366688,59674,12232,81934,30708,4514,49777,73687,2146611,educational,list2
850,315603,90058,73668,27877,73916,79482,80029,28388,5814422,personal,list3
851,447418,96283,70065,73898,39942,20332,77912,37287,6467920,seasonal,list3
852,164086,17174,41662,23729,28187,47559,40092,36615,2490377,seasonal,list3
853,409453,87051,8988,1265,89638,24967,2301,59051,7048894,travel,list7
854,93823,47285,43149,34311,51594,74239,65564,62692,8810438,seasonal,list4
855,103343,64282,29042,46953,21555,78263,63981,17297,8726584,seasonal,list4
856,179929,71658,84275,91755,68084,21111,94807,62137,3675911,travel,list3
857,298888,49874,2397,49275,20131,74195,77585,18255,3187882,commute,list5
858,298355,57095,51153,75771,72730,89056,83714,23177,694171,personal,list2
859,291437,5631,92139,59432,59408,27215,21017,81994,8586397,travel,list5
860,362058,36780,6445,61752,48610,76582,75133,91975,5867691,educational,list7
861,430572,33801,55669,47986,95349,56034,49902,31143,1197468,personal,list2
862,370681,73489,49624,82913,45925,38448,37241,76095,1102321,commute,list4
863,111722,79869,62196,5293,43982,57252,63101,81905,929387,travel,list5
864,94231,71889,47531,75996,5511,43633,40414,77685,2657031,personal,list6
865,472322,90510,29749,47715,92700,37109,39454,51025,9195710,personal,list5
866,373174,83161,10376,43629,92979,59909,62902,25225,5046864,educational,list4
867,384176,68460,75035,72721,60180,27643,11391,81698,2317138,educational,list1
868,351588,81980,42447,48260,58653,30662,75722,68497,8147162,commute,list6
869,201337,75529,91389,39444,44981,4933,93196,1302,2758616,travel,list7
870,469317,52634,3698,50153,39609,82033,51336,11892,4659584,travel,list7
871,190482,99570,43131,45344,92661,79171,36476,20913,8216342,commute,list1
872,303580,59347,88363,25886,83035,51269,60525,69612,7174698,educational,list4
873,489687,78411,55298,20542,85550,18769,748,22542,5223347,educational,list3
874,465588,22497,7476,87489,99337,76920,26902,14993,5731770,commute,list4
875,94864,79120,67071,79774,36386,53119,2024,33690,8513605,educational,list7
876,470024,72201,26657,79700,79757,37105,96647,13788,9271056,educational,list5
877,273682,46476,67066,84660,68251,11289,51908,44935,6199927,seasonal,list5
878,280443,30351,19043,65963,67845,4986,25477,53754,6503519,seasonal,list5
879,318010,53240,52468,5292,42235,19081,24942,38977,9760834,seasonal,list1
880,64881,82442,24521,28715,5639,78217,84043,81440,7556280,educational,list3
881,491531,39187,3441,11221,9188,31691,83194,28675,2715646,personal,list2
882,68168,47876,62870,27341,22211,37244,18504,463,5673259,personal,list1
883,464426,87579,20652,66589,44009,95059,89911,57513,1256448,seasonal,list3
884,150004,22475,77826,90830,54075,43096,78629,9987,5640199,seasonal,list2
885,319013,53238,84099,97238,21900,10446,94949,13047,3918636,personal,list1
886,366324,36008,99410,11303,64164,24691,47902,60630,614265,commute,list4
887,450353,45864,4398,28491,37990,29121,14867,98345,5468242,educational,list3
888,102858,62759,96953,28872,64979,58091,36466,81624,7924631,personal,list6
889,418978,23912,41345,94355,61158,29697,39641,89708,4120729,educational,list4
890,283891,27937,78340,39671,21654,26459,68858,15583,3865210,seasonal,list7
891,250360,6185,7607,2412,81301,74345,52601,73786,8601076,educational,list1
892,335733,23990,41477,90886,60887,88782,10095,14533,4711193,educational,list3
893,239677,92921,17620,11008,21429,57761,62714,71488,3441102,commute,list5
894,50427,4662,57780,83042,32013,97417,66039,19876,8586856,travel,list2
895,311494,98866,87529,84633,90895,82685,96078,65964,7432812,seasonal,list7
896,390233,19207,76748,6793,38173,89172,43020,49374,4578681,educational,list2
897,118850,82640,99876,40844,29005,94077,32345,33310,6711238,seasonal,list1
898,296524,75460,5836,7995,26481,65404,12174,57445,9252062,commute,list2
899,498263,31590,10945,82187,44918,17786,54549,40358,842023,educational,list3
900,294645,81853,17221,38519,27280,36123,77211,2285,5968686,educational,list2
901,433172,98503,18824,83999,55931,37513,229,61594,1744462,seasonal,list1
902,336072,98242,26594,90669,5520,30664,99435,58615,9975570,personal,list4
903,312830,59394,45504,82222,57715,96602,16538,59162,4510238,travel,list7
904,126921,82493,63730,19818,73202,19082,40525,76630,8349195,commute,list2
905,370329,57436,2999,38236,3637,51944,75049,35026,3904330,seasonal,list1
906,111521,86363,66899,56999,6440,68857,49606,69434,2116533,educational,list7
907,254866,13714,31954,59041,25236,41957,12437,28930,1066446,commute,list4
908,186780,10610,98157,85695,99966,50714,3595,81481,7085090,educational,list6
909,63471,14915,56705,55322,74516,32390,15304,10691,8394238,commute,list5
910,13852,48625,61927,50,64978,885,19937,37717,955913,educational,list1
911,219800,2823,36742,62476,87963,64013,33580,22289,5038443,personal,list1
912,225629,11336,97682,70107,15553,14967,28982,50494,1265455,personal,list6
913,310835,33748,30248,42302,29953,57715,14095,37275,6583547,seasonal,list1
914,78256,95098,45418,29245,69928,62769,10947,82850,4560831,commute,list6
915,286825,51270,46972,17359,1616,30732,39161,42432,858925,educational,list1
916,149873,63183,93184,90234,48253,76994,87757,26568,3109004,commute,list3
917,271976,28392,50349,80865,61750,82874,43776,88418,2914124,educational,list4
918,136970,93654,61568,98443,83556,99663,57958,62105,9822902,travel,list5
919,203318,66295,40973,66457,53740,98938,7374,23203,4791570,personal,list7
920,103554,71393,25470,73194,92008,76703,45252,90296,2529470,educational,list3
921,498446,73652,168,27987,22477,51020,87382,28233,3087537,educational,list6
922,328991,84272,96153,84203,81621,19134,72725,67155,7186661,seasonal,list1
923,68687,22301,15433,53833,87458,42878,18597,4190,2443372,commute,list6
924,219760,47487,35234,5668,35089,48765,32878,36892,8190029,educational,list6
925,169924,28408,42037,91262,40325,83250,27214,88260,8848993,commute,list2
926,203761,86972,99227,26069,96622,11316,26713,60142,7740682,commute,list4
927,100982,51334,14148,38420,33536,11499,98458,22786,161785,travel,list5
928,404155,3890,19671,86503,97695,29852,37365,62167,8731596,educational,list2
929,291901,43069,77683,25471,17769,57361,40732,1569,1255521,commute,list6
930,475628,16396,31304,30037,53800,58472,33188,1528,8070608,travel,list1
931,199335,29746,23646,38647,8109,28610,31432,52783,2926136,personal,list5
932,173874,28480,11717,4122,25756,63945,45001,26685,4984147,educational,list1
933,284320,38093,11587,55058,37950,1268,67673,79979,522936,commute,list2
934,73371,21640,2639,16920,76701,50414,25823,21903,5514218,commute,list7
935,263345,70533,51432,66086,11485,30806,91526,33011,2004943,travel,list3
936,261578,20851,84801,84052,59641,95208,79125,58478,511450,seasonal,list5
937,449870,68427,23683,91726,61864,58617,50359,20307,1612247,seasonal,list4
938,168054,48980,27071,48768,37210,49517,69136,41322,9080002,commute,list5
939,200395,40964,59796,11356,37110,97950,24941,72548,1379560,educational,list1
940,221446,31527,70040,73499,251,92684,56261,40237,5926412,commute,list7
941,318465,29894,55012,9508,91315,73721,9074,42070,5931311,seasonal,list7
942,141576,16992,23584,37578,44207,64894,55169,97334,4423453,seasonal,list4
943,100344,55152,67013,9295,68367,24076,24574,68300,835409,commute,list7
944,437933,70438,51731,55956,43247,64559,59033,7608,140737,educational,list3
945,385059,74082,35782,64616,15373,26296,69801,89435,8666570,educational,list3
946,357540,52790,55733,36323,62438,78120,79258,43271,4342850,personal,list5
947,299624,98264,51783,96456,36275,51769,59707,70073,4265312,commute,list1
948,329483,63793,82703,38266,99398,21683,3087,18196,1797988,commute,list7
949,433057,83957,33512,87140,92442,58905,31426,22701,9574434,personal,list5
950,104745,98996,84542,71951,29951,20995,6257,73655,935120,commute,list7
951,319867,10035,36760,55179,7133,5018,72493,5730,3821243,commute,list1
952,67759,86816,51971,8093,97057,24210,68830,15614,5805449,commute,list6
953,178109,77512,73110,59022,23752,46512,72866,46433,1320490,commute,list4
954,336017,49790,79271,22635,2220,98798,76927,69807,203694,seasonal,list5
955,224725,7186,48488,21431,31171,48633,85231,10176,7322345,personal,list5
956,389235,80476,55154,87365,8398,40984,41457,15731,1023770,personal,list5
957,318386,30100,28258,76197,5024,17933,45625,21867,7614533,personal,list3
958,242623,73507,86941,55163,24678,65821,23445,39591,4663484,educational,list3
959,284676,3666,53587,95823,79259,62539,77815,4711,1056372,educational,list1
960,133628,18263,14478,75009,7761,54758,87289,21532,8663271,seasonal,list3
961,48028,83538,17690,23458,36010,25720,30937,77061,9420302,seasonal,list7
962,384772,36635,66250,14074,59592,8358,32463,94021,3754033,personal,list5
963,107902,98360,33618,64089,47346,16080,82622,89704,2413540,travel,list6
964,12537,89779,90789,80150,41022,95907,21257,31089,6225412,commute,list6
965,29883,27851,3357,57623,6833,45315,74640,78302,4045437,educational,list7
966,275101,12660,81354,66415,11365,62092,31862,75193,1988804,seasonal,list3
967,190929,30063,53399,2984,95073,45579,37596,48075,6697565,personal,list1
968,165760,30259,91435,59129,78525,64359,1787,83980,6649804,personal,list5
969,27648,22929,83114,63399,21624,9546,44552,61538,9562151,personal,list6
970,178244,59196,34559,45,55045,3214,85166,77066,2281464,educational,list1
971,180928,13163,54487,11589,53881,66818,9392,25356,4519677,commute,list2
972,405683,96621,49455,32886,36012,26219,13598,70056,6339201,travel,list4
973,8813,41020,86185,46652,96152,90554,41915,30663,8410685,seasonal,list6
974,397217,77132,91670,18125,48946,79713,29892,93420,6174014,commute,list4
975,403883,61337,97207,57021,15643,54502,91380,20875,8783062,travel,list3
976,373450,66862,59373,82453,76370,36795,83379,12833,115851,travel,list5
977,71579,92009,93838,20788,17122,58667,83588,95346,7522145,seasonal,list2
978,361400,8396,69850,49452,13904,40883,64260,12508,7649522,personal,list6
979,123848,86776,97342,72181,67050,15293,56091,5254,2558114,travel,list5
980,203804,14669,74032,19697,57287,73399,15390,12394,3420678,educational,list6
981,129404,69676,83379,70779,24206,48853,71030,81604,3146988,commute,list7
982,120720,40420,43807,18379,16169,29021,40080,74729,964969,personal,list6
983,209271,36213,17845,75611,61669,70361,48608,71126,7818863,travel,list3
984,153012,18762,26387,2235,266,81349,36020,36775,7583570,personal,list2
985,370580,10989,23178,899,9998,8484,72680,91330,6562762,travel,list1
986,290710,9051,86526,14705,3442,97640,58931,88799,3959130,travel,list5
987,150473,72150,76495,69177,59156,71534,5054,19992,4368658,commute,list2
988,106655,84037,34816,24251,85890,29352,76233,37477,4126550,seasonal,list5
989,215856,26542,16479,56160,23125,57348,28300,67285,3357850,travel,list3
990,89444,99064,85756,34545,86076,3194,36462,8683,2858378,seasonal,list3
991,414764,77077,11089,40923,39452,20469,92447,94033,4454124,seasonal,list3
992,295944,53451,89413,6615,37814,65717,60490,20816,4884489,personal,list7
993,209401,87378,99048,10505,25443,34087,78052,94230,7792658,travel,list1
994,377436,74643,75081,70312,70025,71543,67326,70387,5414906,commute,list6
995,190528,36006,16244,99470,53616,33415,78357,92754,5754636,commute,list6
996,346499,454,46760,70675,16395,11422,57942,14279,1600294,personal,list4
997,419015,32643,91807,79018,56472,45549,31676,192,9066147,seasonal,list4
998,421786,24543,2076,3679,4444,64910,9540,57063,5218251,commute,list1
999,192661,41504,39492,27624,17580,89463,71465,8434,8503200,educational,list3
1000,59170,33670,37530,54970,15036,27018,33192,48114,3811764,travel,list4
